vendor_name,legal_name,headquarters_address,address,rcs_number,vat_number,social_capital,eu_contact_name,eu_contact_address,eu_contact_country,eu_contact_email
Ines de la Fressange Paris,IDLF SA,10 rue du mail 75002 PARIS,10 rue du mail 75002 PARIS,Paris 792 301 806,FR67792301806,"64 418,50€",Fabrice Boé,10 rue du mail 75001 PARIS,,fboe@inesdelafressange.fr
DK Company Online,DK COMPANY ONLINE A/S LIMITED COMPANY,Thrigesvej 7 / 7430 Ikast / DANEMARK,Thrigesvej 7 / 7430 Ikast / DANEMARK,DK19778649,DK19778649,3 500 000 €,DK Company,"La Cours Vej 6, DK-7430 Ikast",,kamikast@dkcompany.com
Bestseller,BESTSELLER HANDELS B.V.,"KOIVISTOKADE 1C, 1013 AC AMSTERDAM THE NETHERLANDS","KOIVISTOKADE 1C, 1013 AC AMSTERDAM THE NETHERLANDS",59896604,NL853685757B01,5 000 00 €,BESTSELLER A/S,"Fredskovvej, 7330 Brande, Denmark",Danemark,careinfo@bestseller.com
Galeries Lafayette,GALERIES LAFAYETTE MANAGEMENT,"27 rue de Châteaudun, 75009 PARIS","27 rue de Châteaudun, 75009 PARIS",PARIS 552 116 329,FR 85 552 116 329,147 184 338 €,Galeries Lafayette Management,"27 rue de Châteaudun, 75009 Paris",,produit@galerieslafayette.com
Style Network,STYLE NETWORK INTERNATIONAL Société à responsabilité limitée à associé unique,29 boulevard Gay Lussac 13014 MARSEILLE,29 boulevard Gay Lussac 13014 MARSEILLE,MARSEILLE  502 079 460,FR82502079460,1 876 500 €,STYLE NETWORK INTERNATIONAL,29 Boulevard Gay Lussac,,sni.digital2@stylenetworkcorp.com
La Fée Maraboutée,LA FEE SAS,"3 chemin de la Chapelle, 42300 Malby","3 chemin de la Chapelle, 42300 Malby",Roanne 487 641 664,FR07487641664,4 498 200 €,Pierre-Yves VINCENT-FALQUET,"5 bis Rue Saint Isidore, 69003 Lyon, France",,pyvincentfalquet@lafeemaraboutee.fr
La Fiancée,LE DELTA DU MEKONG,"14 bis rue des Aulnes, 35590 SAINT GILLES","14 bis rue des Aulnes, 35590 SAINT GILLES",RENNES 753 494 038,FR43753494038,769 700 €,Aline Verger,14 bis rue des Aulnes 35590 SAINT GILLES,,a.verger@lafiancee-team.fr
Lee Cooper,LEE COOPER FRANCE SAS,"6 rue de La Trémoille, 75008 PARIS","6 rue de La Trémoille, 75008 PARIS",Paris 523 782 795,FR01523782795,580 000 €,GALIANA Valentine,"6 RUE DE LA TREMOILLE, 75008 PARIS",,sav@leecooper.fr
Le Temps des Cerises,SASU INDIGO GALLERY,13 rue Gustave Eiffel 13010 MARSEILLE,13 rue Gustave Eiffel 13010 MARSEILLE,MARSEILLE 50150500200011,FR10501505002,7 603 685 €,Dogg Label,13 rue Gustave Eiffel 13010 MARSEILLE,France,info@letempsdescerises.com
Rue des Hommes,RUE DES HOMMES SARL,47 Boulevard Alexandre III 59140 DUNKERQUE,"Zone Inova, 10 Allée 9, 88150 CAPAVENIR VOSGES",DUNKERQUE 484 374 830,FR94484374830,8 360 €,Julien GLADSTEIN,"52 rue de l'Assomption, 75016, Paris",,juliengladstein@yahoo.fr
Molly Bracken,GROUPE CHRONO IMPORT,68 rue de Hyères ZAC La Millonne 83140 SIX FOURS LES PLAGES,68 rue de Hyères ZAC La Millonne 83140 SIX FOURS LES PLAGES,TOULON 439 650 789,FR20439650789,2 000 000 €,Julian SIDONIO,85 Rue du Revest les Eaux  ZAC la Millonne  83140 Six-Fours-les-Plages,,marketplace@mollybracken.com
Liu Jo,DIGITAL BOITE SRL,"Via B. Franklin 18, 41012 - Carpi (MO), Italy","Via Cusani 5, 20121 - Milano (MI), Italy",MILAN 2608723,IT03796760365,100 000 €,EXELITE S.P.A.,"Viale John Ambrose Fleming 17, 41012, Carpi (MO), IT",,customerservice@liujo.com
Lolaliza,BLUESTORES SA,"Place du Samedi 1, 1000 Bruxelles","Place du Samedi 1, 1000 Bruxelles",Belgique 0446 908 395,BE 0446908395,23 570 €,Blue Stores SA,"Place du Samedi 1, 1000 Bruxelles",,customers@lolaliza.com
Maison 123,MAISON 123 SAS,57-59 rue Henri Barbusse 92110 CLICHY,57-59 rue Henri Barbusse 92110 CLICHY,NANTERRE 464 600 464,FR91464600464,1 784 340 €,Mathery Axelle,57/59 Rue Henri Barbusse 92110 Clichy,,axelle.mathery@maison123.com
Mango,"PUNTO FA, S.L.","Mercaders, 9-11 (Pol. Ind. Riera de Caldes), 08184 Palau-Solità Plegamans (Barcelona), ESPANA","Mercaders, 9-11 (Pol. Ind. Riera de Caldes), 08184 Palau-Solità Plegamans (Barcelona), ESPANA",SPAIN 59088948,ESB59088948,12 565 €,Clementina Gari,Calle Mercaders 9-11 Pol. Ind. Riera de Caldes C.P. 08184 Palau-solità i Plegamans Barcelona (Spain),,marketplace@mango.com
Marc O Polo,MARC O'POLO EINZELHANDELS GMBH,"Hofgartenstr. 1, 83071 Stephanskirchen, Allemagne","Hofgartenstr. 1, 83071 Stephanskirchen, Allemagne",Amtsgericht Traunstein HRB 6720,DE131 177 357,300 000 €,Marc O’Polo International GmbH,Hofgartenstraße 1 83071 Stephanskirchen,,service@marc-o-polo.com
Mise au Green,MISE AU GREEN,9 rue Gay Lussac 67201 ECKBOLSHEIM,9 rue Gay Lussac 67201 ECKBOLSHEIM,Strasbourg 333 634 061,FR32333634061,165 665 €,LEROY ANTOINE,9 RUE GAY LUSSAC 67201 ECKBOLSHEIM,,aleroy@mise-au-green.com
Monoprix,MONOPRIX EXPLOITATION,"14-16 rue Marc Bloch, 92116 CLICHY Cedex","14-16 rue Marc Bloch, 92116 CLICHY Cedex",552083297,FR26552083297,15 045 594 €,Monoprix Exploitation,14-16 rue Marc Bloch,,ahawawini@monoprix.fr
Morgan,CAFAN SAS,Zac de la moinerie - 10 impasse du Grand Jardin - 35400 Saint- Malo,"3 61-69 Immeuble BLOOM, 61 rue de Bercy, 75012 PARIS",493983431,FR 194 939 834 31,1 000 000€,CAFAN SAS,10 impasse du Grand Jardin 35400 Saint-Malo,,customer@info-product.eu
Miroglio,MIROGLIO FASHION S.R.L.,"Via Santa Margherita 23, 12051 – Alba (CN), Italy","VIA SANTA BARBARA N. 11, 12051 – Alba (CN), Italy",CUNEO 03232400048,IT 03232400048,97 000 000 €,Miroglio Fashion S.r.l.,Via S. Margherita n. 23 – 12051 Alba (Cn),,fashion@miroglio.com
Next,NEXT NEAR EAST LIMITED,Desford Road Enderby LEICESTER LE19 4AT ROYAUME-UNI,Desford Road Enderby LEICESTER LE19 4AT ROYAUME-UNI,00035161,GB179765890,£12 926 335,Next Germany GmbH,"Zielstattstrasse 40, 81379 Munich, Germany",,safety@next.co.uk
North Sails,North Sails Apparel S.P.A. Società Benefit,"Via Luca Signorelli 10, 20154 Milane, MI, Italy","Via Luca Signorelli 10, 20154 Milane, MI, Italy",MILAN 355610106,IT08768270152,6.521.000 €,Martino Forcella,"Via Signorelli 10, 20154, Milan, Italy",,martino.forcella@northsails.com
Oxbow,OXBOW SAS,18 Avenue de Pythagore 33692 MERIGNAC CEDEX,18 Avenue de Pythagore 33700 MERIGNA,BORDEAUX 332 349 232,FR34332349232,3 408 000 €,OXBOW,5 avenue Pythagore 33700 MERIGNAC,France,service-client@oxbow.fr
Project X Paris,TJ MAX SAS,"290 rue de la Belle Etoile, 95700 Roissy-en-France","290 rue de la Belle Etoile, 95700 Roissy-en-France",PONTOISE 793 160 334,FR10793160334,8 000 €,Maxime GOV,290 Rue De La Belle Etoile,,maxime@projectxparis.fr
Promod,PROMOD SAS,Chemin du Verseau 59700 MARCQ-EN-BAROEUL,Chemin du Verseau 59700 MARCQ-EN-BAROEUL,Lille 685 520 606,FR55685520606,11 745 500 €,Promod,"Chemin du verseau à Marcq en Baroeul (59700), France",,service@promod.fr
Quiksilver,NA PALI,162 Rue Belharra 64500 SAINT-JEAN-DE-LUZ,162 Rue Belharra 64500 SAINT-JEAN-DE-LUZ,BAYONNE 331 377 036,FR42331377036,5 067 884 €,Napali et Emerald,162 rue Belharra 64500 Saint Jean de Luz,,customer@info-product.eu
Pertemba FR,UNIVERSAL TEXTILES UK LTD,"50 Oswin Road, Leicester, LE3 1HR","50 Oswin Road, Leicester, LE3 1HR",Leicester 06865782,GB 881 2225 34,120 €,UT E Trade Limited,"8 Priory Office Park, Stillorgan Road Blackrock Co, Dublin, A94 EE95, IE",,GPSR@pertembaglobal.com
Rip Curl,RIP CURL EUROPE,407 Avenue de la Tuilerie 40150 SOORTS HOSSEGOR,407 Avenue de la Tuilerie 40150 SOORTS HOSSEGOR,Dax 332 899 731,FR09332899731,1 000 000 €,Lefin,407 Av De La Tuilerie,,mathieu.lefin@kmdbrands.com
Rodier,RODIER SAS,47 rue Réaumur 75003 PARIS,15 Avenue Victor-Hugo 75116 PARIS,PARIS 453 162 398,FR02453162398,1 000 000 €,Rodier,"20 rue bachaumont, 75002, Paris",,contact@rodier.fr
Roxy,NA PALI SAS,162 Rue Belharra 64500 SAINT-JEAN-DE-LUZ,162 Rue Belharra 64500 SAINT-JEAN-DE-LUZ,BAYONNE 331 377 036,FR42331377036,5 067 884 €,Napali et Emerald,162 rue Belharra 64500 Saint Jean de Luz,,customer@info-product.eu
Salsa Jeans,Irmãos Vila Nova SA,"Avenida. da Industria, nº 511, Apartado 7079, 4760 – 725 Ribeirão, V.N. Famalicão PORTUGAL","Avenida. da Industria, nº 511, Apartado 7079, 4760 – 725 Ribeirão, V.N. Famalicão PORTUGAL",Conservatória do Registo Comercial de Vila Nova de Famalicão 2104/19880601,PT501997784,4 250 000 €,IVN SA,4760-725,,customer.care@salsajeans.com
Popken Fashion,PFG DISTRIBUTION GMBH,"Am Waldrand 19, 26180 Rastede, Germany","Am Waldrand 19, 26180 Rastede, Germany",OLDENBURG HRB 213597,DE815788358,"50 000,00 €",Popken Fashion Services GmbH,"Am Waldrand 19,26180 Rastede, Germany",,kunden-service@popken.de
Superdry,SUPERGROUP INTERNET LIMITED,"UNIT 60, THE RUNNINGS, CHELTENHAM, GLOUCESTER, GL519NW, ROYAUME UNI","UNIT 60, THE RUNNINGS, CHELTENHAM, GLOUCESTER, GL519NW, ROYAUME UNI",791 016 108,FR 54 528 720 824,£2,DKH Retail Ltd,"Unit 60, GL51 9NW, UK",,care@superdry.com
TBS,TECHNISYNTHESE SAS,BP 36 Saint Pierre Montlimart 49110 MONTREVAULT SUR EVRE,BP 36 Saint Pierre Montlimart 49110 MONTREVAULT SUR EVRE,302 135 256 RCS ANGERS,FR47302135256,5 370 000 €,TECHNISYNTHESE,"Route de Chaudron, 49111 Saint-Pierre-Montlimart",,cdelion@tbs.fr
Vertbaudet,VERTBAUDET SAS,"36 avenue Alfred Lefrançois, 59200 Tourcoing, France","36 avenue Alfred Lefrançois, 59200 Tourcoing, France",RCS Lille Metropole 397 555 327,FR68397555327,32 352 340 €,vertbaudet,36 avenue Alfred Lefrançois 59200 TOURCOING,,signalement@vertbaudet.com
Yoek,YOEK BV,Venenweg 19 1161 AK ZWANENBURG THE NETHERLAND,Venenweg 19 1161 AK ZWANENBURG THE NETHERLAND,AMSTERDAM 34224017,NL814592831B01,20 700 €,YOEK BV,"Venenweg 19, 1161 AK, Zwanenburg, The Netherlands",,fashionadvisor@yoek.com
Betty Barclay,PRO FASHION GmBh,"Heidelberger Str. 9-11, 69226 Nußloch, Allemagne","Heidelberger Str. 9-11, 69226 Nußloch, Allemagne",HRB 337468,DE186465244,750 000 €,Betty Barclay Group GmbH & Co. KG,"Heidelberger Str. 9-11, 69226 Nussloch, Germany",,info@bettybarclay.com
Armor Lux,BONNETERIE D’ARMOR SAS,"21-23 rue Louison Bobet, Kerdroniou Ouest, 29000 QUIMPER","21-23 rue Louison Bobet, Kerdroniou Ouest, 29000 QUIMPER",375 680 139 R.C.S Quimper,FR48375680139,1 600 000€,YANNICK LE FLOCH,"21,23 Rue Louison Bobet 29000 Quimper",,jg.lefloch@armorlux.com
WILD,HIPANEMA SARL,58 rue Charlot 75003 Paris,58 rue Charlot 75003 Paris,PARIS 750 123 291,FR52750123291,1000 €,JENNIFER COLLINET,58 rue charlot 75003 Paris,,info@hipanema.com
Adolfo Dominguez,ADOLFO DOMINGUEZ S.A.,,"POLIG.IND.SAN CIBRAO DAS VIÑAS C/4 PARC.8 SAN CIBRAO DAS VIÑAS 32901 OURENSE, SPAIN",A32104226,ESA32104226,"5 565 664,80 €","ADOLFO DOMÍNGUEZ, S.A.","San Ciprian de Viñas, Industrial Estate, street 4, plot 8",,contacto.seguridad@adolfodominguez.com
Ange,DADIER SARL,"113 boulevard de Sébastopol, 75002 PARIS","9 rue Joseph et Etienne Montgolfier, 93110 Rosny-sous-Bois",Paris 482 113 982,FR81482113982,1 800 000€,Anne-Marie Elbaze,68 Boulevard de Courcelles 75017,,annemarieelbaze@yahoo.fr
Artlove,MC LIN SAS,"10 passage des taillandiers, 75011 Paris","10 passage des taillandiers, 75011 Paris",Paris 417 709 516,FR13417709516,400 000 €,Faxin Lin,10 passage des taillandiers,,james@sweewe.com
Bindi Atelier,BINDI ATELIER,"6 avenue de la créativité, 59650 Villeneuve d'Ascq, France","6 avenue de la créativité, 59650 Villeneuve d'Ascq, France",LILLE 840 104 905,FR05840104905,1000 €,BINDI ATELIER,"6 avenue de la créativité, 59650 Villeneuve d'Ascq, France",France,hello@bindiatelier.com
Bonobo,MAGELLAN SAS,"ZAC de la Moinerie, 10 impasse du Grand Jardin, 35400 Saint- Malo","ZAC de la Moinerie, 10 impasse du Grand Jardin, 35400 Saint- Malo",Saint-Malo B 443 061 304,FR05443061304,250 000€,MAGELLAN SAS,10 impasse du Grand Jardin 35400 Saint-Malo,,customer@info-product.eu
Bréal,PAULINE SAS,"ZAC de la Moinerie 10, impasse du Grand Jardin 35400 SAINT MALO","ZAC de la Moinerie 10, impasse du Grand Jardin 35400 SAINT MALO",SAINT-MALO 410 146 468,FR 42 410 146 468,210 000€,Pauline SAS,10 impasse du Grand Jardin 35400 Saint-Malo,,customer@info-product.eu
Caroll,CAROLL INTERNATIONAL SA,"10 impasse du Grand jardin, ZAC de la Moinerie, 35400 SAINT MALO",61-69 Immeuble BLOOM 61 rue de Bercy 75012 PARIS,Saint-Malo B 582 001 707,FR89582001707,"21 966 966,85 €",CAROLL S.A,ZAC de la Moinerie 10 impasse du Grand Jardin 35400 Saint-Malo France,France,customer@info-product.eu
Cyrillus,CYRILLUS SAS,"34 A rue de la Ladrié, 59491 Villeneuve d'Ascq","34 A rue de la Ladrié, 59491 Villeneuve d'Ascq",RCS Paris 421 022 997,FR 90421022997,40 865 670 €,Amandine Devienne,"34 A, rue de la Ladrié 59 491 VILLENEUVE D’ASCQ",,adevienne@cyrillus.com
Damart,DAMART SA,25 avenue de la Fosse aux Chênes 59100 ROUBAIX,25 avenue de la Fosse aux Chênes 59100 ROUBAIX,Lille Métropole 333 202 083,FR18333202083,29 000 000 €,Damart,160 boulevard de Fourmies 59100 Roubaix France,,contact@damart.com
Daxon,MOVITEX,5 rue des Précurseurs 59665 VILLENEUVE D'ASCQ,5 rue des Précurseurs 59665 VILLENEUVE D'ASCQ,756 200 150,FR61756200150,41 172 646 €,MOVITEX,"5 rue des Précurseurs, 59650 Villeneuve D'Ascq",,rsgp@movitex.com
Etam,ETAM LINGERIE SA,57-59 rue Henri Barbusse 92110 CLICHY,57-59 rue Henri Barbusse 92110 CLICHY,NANTERRE 478 355 753,FR92478355753,9 165 940€,Etam Lingerie,57-59 rue Henri Barbusse,,sci-etam@etam.fr
Falke,FALKE KGaA,"Oststr. 5 ; 57392 Schmallenberg, Germany","Oststr. 5 ; 57392 Schmallenberg, Germany",HRB 7738 AMTSGERICHT ARNSBERG,DE 125915122,12 000 000€,FALKE KGaA,"Oststraße 5, 57392 Schmallenberg, Allemagne",,online@FALKE.com
Frnch,LUCY SAS,"94 boulevard Sébastopol, 75003 PARIS","94 boulevard Sébastopol, 75003 PARIS",PARIS 410 504 336,FR50410504336,71 000 €,JIN Chloé,57 rue de la belle etoile 95500 Gonesse,,chloe@frnch.fr
Grain de Malice,EPHIGEA,197 rue du 8 Mai 1945 59650 Villeneuve-d'Ascq,197 rue du 8 Mai 1945 59650 Villeneuve-d'Ascq,LILLE METROPOLE 475 483 319,FR76475483319,6 789 784 €,EPHIGEA,197 rue du 8 Mai 1945 59650 Villeneuve-d'Ascq,,qualite@graindemalice.com
Guess,GUESS EUROPE SAGL,STRADA REGINA 44,STRADA REGINA 44,,CHE113.255.366,100.000 CHF,"Guess? Europe, B.V.","Kalverstraat 41,  1012 NZ Amsterdam, The Netherlands",,info@ch.guess.eu
Humility,LA FEE,"3 chemin de la Chapelle, 42300 Mably, France, 42300 Mably, France","3 chemin de la Chapelle, 42300 Mably, France, 42300 Mably, France",Roanne 487641664,FR07487641664,4 498 200€,Pierre-Yves VINCENT-FALQUET,"5 bis Rue Saint Isidore, 69003 Lyon, France",,pyvincentfalquet@lafeemaraboutee.fr
IKKS Retail,IKKS RETAIL SAS,"8-10 Rue Barbette, 75003 PARIS","8-10 Rue Barbette, 75003 PARIS",PARIS 479 960 965,FR66479960965,36 037 000 €,Service Client,94 rue Choletaise - Saint-Macaire-en-Mauges - 49 450 SEVREMOINE,,serviceclient@ikks.com
Joe Browns,JOE BROWNS LTD,"KANDY WORK, BROWN LANE EAST, HOLBECK, LEEDS, LS11 0BT","KANDY WORK, BROWN LANE EAST, HOLBECK, LEEDS, LS11 0BT",LEEDS 2540247,GB 708406738,"17,326,057 €",,,,
La Petite Etoile,LPE ONLINE SAS,"15 rue du Louvre, 75001 PARIS","15 rue du Louvre, 75001 PARIS",PARIS 891 836 991,FR46891836991,260 976 €,LPE Wholesale,15 rue du Louvre 75001 Paris,,b2b@lapetiteetoile.com
Laurence Tavernier,FREMAUX DELORME SAS,10 rue de la pépinière 75008 PARIS,35 avenue de la Marne 59290 WASQUEHAL,PARIS 456 501 600,FR30456501600,3 397 302€,Léo CROSTE BAYLIES,Service Qualité & RSE - 35 B Avenue de la Marne – CS 90120 - 59442 Wasquehal cedex - France,,contact@fremaux.fr
The Agent,THE AGENT SAS,231 Rue Saint-Honoré 75001 PARIS,231 Rue Saint-Honoré 75001 PARIS,Paris 893 432 104,FR84893432104,50 000 €,Déborah Schinasi,231 RUE SAINT HONORE,,deborah@theagent.com
Arena,ARENA ITALIA S.P.A,"Contrada Cisterna 84/85, Tolentino, MC, 62029, Italy","Contrada Cisterna 84/85, Tolentino, MC, 62029, Italy",ITALIE IT 00 660 160 433,IT 00 660 160 433,3.000.000 €,arena S.p.A.,"Contrada Cisterna 84/85, Tolentino, 62029, MC, Italy",Italie,info@arenasport.com
Banana Moon,DIGITAL DISTRIBUTION COMPANY SAM,6 AVENUE ALBERT II 98000 MONACO,6 AVENUE ALBERT II 98000 MONACO,,FR 85 000 118 041,150 000 €,Banana Moon,"6 Avenue Albert II, Monaco 98000 Monaco",,info@bananamoon.com
Bensimon,IMPERIAL CLASSIC DIFFUSION,"52, rue Bichat 75010 PARIS","52, rue Bichat 75010 PARIS",Paris B 421 529 710,FR45421529710,530 000 €,Bensimon - service e-shop,52 rue Bichat 75010 Paris,,e-shop@bensimon.com
Billabong,NA PALI,"162 Rue Belharra, 64500 Saint-Jean-De-Luz","162 Rue Belharra, 64500 Saint-Jean-De-Luz",Bayonne 331377036,FR 42 331 377 036,5 067 884 €,Napali et Emerald,162 rue Belharra 64500 Saint Jean de Luz,,customer@info-product.eu
Born Living Yoga,CONEXIONBORN SL,"Calle Saturno 1, Planta 2, 28224 POZUELO DE ALARCON MADRID ESPAGNE","Calle Saturno 1, Planta 2, 28224 POZUELO DE ALARCON MADRID ESPAGNE",B87840195,ESB87840195,3 675 €,Alvaro Roca Puig,"Calle Saturno 1, Planta 2, 28224, Pozuelo de Alarcón, Madrid",,alvaro@bornlivingyoga.com
BZB,BZB SAS,152 Avenue Alfred Motte 59100 Roubaix,152 Avenue Alfred Motte 59100 Roubaix,Lille métropole 482 435 898,FR00 482 435 898,9 062 920 €,BZB Service Client,"152 Avenue Alfred Motte, Roubaix",,client@b-z-b.com
Cache-Cache,CACHE CACHE SAS,Zac de la Moinerie - 10 impasse du Grand Jardin - 35400 SAINT MALO,Zac de la Moinerie - 10 impasse du Grand Jardin - 35400 SAINT MALO,SAINT MALO 382 456 051,FR76382456051,509000 €,CACHE CACHE SAS,10 impasse du Grand Jardin 35400 Saint-Malo,France,customer@info-product.eu
Deeluxe,SAS JL26,2 Avenue Elsa Triolet   13008 MARSEILLE,2 Avenue Elsa Triolet   13008 MARSEILLE,MARSEILLE 477884969,FR60477884969,201 000€,Jean-Michel Sanchez,2 Avenue Elsa Triolet Bureaupole Bat B 13008 Marseille,,jm@deeluxe.fr
Desigual,"ABASIC, S.A","Passeig Del Mare Nostrum 15, 08039 BARCELONA ESPAGNE","Passeig Del Mare Nostrum 15, 08039 BARCELONA ESPAGNE",Registre espagnol B-63054068,ESA63054068,20 588 406€,"ABASIC, S.A.","Passeig del Mare Nostrum, 15, 08039 Barcelona",,desigual@b2b.desigual.com
Element,NA PALI SAS,162 Rue Belharra – 64500 Saint-Jean-De-Luz,162 Rue Belharra – 64500 Saint-Jean-De-Luz,Bayonne 331 377 036,FR 42 331 377 036,5 067 884 €,Napali et Emerald,162 rue Belharra 64500 Saint Jean de Luz,,customer@info-product.eu
Galerie Chic,LE SHOW ROOM,47 Rue Cartier Bresson 93500 Pantin,47 rue Cartier Bresson 93500 Pantin,BOBIGNY 490 297 447 00032,FR67490297447,120 000 €,Yohan Corcos,8 Allée Maillasson 92100 Boulogne Billancourt,,yohan@yes-consulting.eu
Geox,GEOX FRANCE SARL,Via Feltrina Centro 16 – 31044 BIANDENE DI MONTEBENULLA (TV) Italie,432 avenue André Lasquin 74700 SALLANCHES,ANNECY 410 882 914,FR11410882914,15 000 000 €,GEOX SPA,"Via Feltrina Centro 16, 31044 Montebelluna (Italy)",,product.safety@geox.com
Grace & Mila,FC DESIGN,"110 B AVENUE DU GENERAL LECLERC, 93500 Paris, France","110 B AVENUE DU GENERAL LECLERC, 93500 Paris, France",BOBIGNY 533 680 096,FR10533680096,8000 €,JULIE CHOU,115 RUE LAFAYETTE 75010 PARIS,,julie@graceandmila.com
Lacoste,LACOSTE E-COMMERCE SAS,"31-37 boulevard de Montmorency, 75016 Paris, France","31-37 boulevard de Montmorency, 75016 Paris, France",PARIS 403 285 513,FR92403285513,3 684 000.00 €,Lacoste Opérations,31-37 Boulevard de Montmorency 75016 Paris,,productsafety@lacoste.com
Lingerie Le Chat,Le textile indémaillable SASU,3 rue de la Caille 71170 CHAUFFAILLES,3 rue de la Caille 71170 CHAUFFAILLES,795 520 246,FR07795520246,1 000 000 €,Grégoire CHALUMET,28 chemin du lavoir 69570 Dardilly,,gchalumet@lingerielechat.com
Le Coq Sportif,LCS INTERNATIONAL SAS,8 rue Adolphe Seyboth 67000 STRASBOURG,8 rue Adolphe Seyboth 67000 STRASBOURG,PARIS 429928898,FR16429928898,18 151.21 €,David Pecard,60 avenue Liberté 10100 Romilly sur Seine,,dpecard@lecoqsportif.fr
New Balance,NEW BALANCE ATHLETIC SHOES (U.K.) LIMITED,"Appleton House, 430 Birchwood Avenue, WARRINGTON, WA3 7WD, ROYAUME UNI","Appleton House, 430 Birchwood Avenue, WARRINGTON, WA3 7WD, ROYAUME UNI",Registre anglais 01616165,NL808873301B01,100£,New Balance Europe BV,"A-Factorij, Pilotenstraat 35 – 45, 1059 CH Amsterdam, Netherlands",,Emeacustomercare@newbalance.com
Pepe Jeans,PEPE JEANS SL,"CTRA LAUREA MIRO 403-405, 08980 SANT FELIU DE LLOBREGAT,  BARCELONA","CTRA LAUREA MIRO 403-405, 08980 SANT FELIU DE LLOBREGAT,  BARCELONA",BARCELONA  B-61663555,ESB61663555,517 461.20 €,"Pepe Jeans, S.L.","Carretera Laureà Miró, núm. 403-405; 8980, Sant Feliu de Llobregat, Spain",,sustainability@awwg.com
PERPETE,PERPETE SAS,4 rue Jean Jaurès 35000 RENNES,4 rue Jean Jaurès 35000 RENNES,Rennes 850 256 439,FR02850256439,10 530€,Nathalie Parmentier,"4 rue Jean Jaurès, 35000 Rennes",,nathalie@perpete.co
Undiz,UNDIZ SAS,6 rue Castérès  92110 CLICHY,6 rue Castérès  92110 CLICHY,NANTERRE 478 356 116,FR17478356116,1 275 980 €,Marie Delahaie,UNDIZ- 6 rue Castérès - 92110 CLICHY,,macommande@undiz.com
Webtex,WEBTEX SAS,238 Rue Benoit Fourneyron ZA de l'Etang 26780 CHÂTEAUNEUF DU RHÔNE,"2 Rue de Dion Bouton, ZA Fortuneau, 26200 MONTELIMAR",ROMANS 789 655 263,FR82789655263,200 000 €,TEXTISS,"ZA de l'Etang, 238 Rue Benoit Fourneyron, 26780 Chateauneuf-du-Rhone",,contact@textiss.com
Cache Coeur,SARL CACHE COEUR,"ZI de Kercao , rue Jean Fourasite 29490 LE RELECQ KERHUON","ZI de Kercao , rue Jean Fourasite 29490 LE RELECQ KERHUON",BREST  501 110 034,FR42502110034,37 000 €,CACHE COEUR,"ZI KERSACO, 29480 LE RELECQ KERHUON",,contact@cachecoeur.com
Protest Sportswear,DEKKER OLIFANTA B.V.,Veerpolder 7 - 2361 KX Warmond - Pays-Bas,Veerpolder 7 - 2361 KX Warmond - Pays-Bas,KVK LEIDEN 006168024B01,NL006168024B01,,Caroline Dekker,Sole Miopark 9,,c.dekker@protest.eu
Sandra & Cocoa,SANDRA & COCOA SL,"Avenida de Isaac Peral, 8, 28816 VALDEAVERO, ESPANA","Avenida de Isaac Peral, 8, 28816 VALDEAVERO, ESPANA",MADRID 111 19136 M-334.889,ESB83721167,3 010 €,SANDRA & COCOA SL,"AVDA. ISAAC PERAL 8, 28816 VALDEAVERO (MADRID)",,blanca@sandrandco.com
Bonobo,PAULINE SAS,"ZAC de la Moinerie 10, impasse du Grand Jardin 35400 SAINT MALO","ZAC de la Moinerie 10, impasse du Grand Jardin 35400 SAINT MALO",SAINT-MALO 410 146 468,FR 42 410 146 468,210 000€,Pauline SAS,10 impasse du Grand Jardin 35400 Saint-Malo,,customer@info-product.eu
Livia,SAM DIGITAL DISTRIBUTION COMPANY,6 AVENUE ALBERT II 98000 MONACO,6 AVENUE ALBERT II 98000 MONACO,,FR 850 0011 8041,150 000€,LIVIA,"6 Avenue Albert II, Monaco 98000 Monaco",,info@livia.com
RougeGorge Lingerie,ROUGEGORGE LINGERIE SASU,1B RUE DU MOLINEL 59290 WASQUEHAL,1 bis rue du Molinel- 59290 WASQUEHAL,LILLE METROPOLE 558 503 355,FR74558503355,10100767.2 €,ROUGEGORGE LINGERIE,"1, Bis rue du Molinel ,59290 Wasquehal",,securite.produit@rougegorge.com
Arthur,2 JDL SAS,3 avenue Hoche 75008 PARIS,176 rue D’Estiennes D’Orves 92700 COLOMBES,PARIS 518 990 700,FR86518990700,150 000 €,ARTHUR 2JDL,176 rue d'Estienne d'Orves 92700 Colombes,,contact@arthur.tm.fr
BENOA,SARL AVICA,"ZI DE CORBARA LIEU-DIT CURSANINCO, 20256 CORBARA France","ZI DE CORBARA LIEU-DIT CURSANINCO, 20256 CORBARA France",Bastia B 497652123,FR87497652123,2 000 €,Anne Canioni,"BENOA, ZONE INDUSTRIELLE CORBARA, ROUTE DE CALVI, 20256 CORBARA",France,anne@benoashop.com
René Derhy Import Export,RENE DERHY IMPORT EXPORT SA,4 rue du Faubourg Poissonnière 75010 PARIS,6 - 8  rue du Faubourg Poissonnière 75010 PARIS,PARIS 786509679,FR72786509679,581 250 €,Serge Derhy,25 Rue Spontini,,serge@derhy.com
Sud Web Diffusion - Ritchie Jeans & Dona Lisa,SUD WEB DIFFUSION,"19 avenue Paul Heroult, 13015 MARSEILLE","19 avenue Paul Heroult, 13015 MARSEILLE",Marseille 537 695 033,FR40537695033,20 000 €,COHEN LIONEL,"330 impasse feuillantines, 13011 Marseille",,lionel@ritchie89.com
Garance Paris,MAISON 2L - GARANCE,"16 Rue de Charonne, 75011 PARIS","16 Rue de Charonne, 75011 PARIS",PARIS 803591643,FR88803591643,8 000 €,MAISON 2L,16 RUE DE CHARONNE 75011 PARIS,,Vincent@garanceparis.com
Labdip,AFFLUENCE TRADING COMPANY,"58 rue Amelot, 75011 PARIS","58 rue Amelot, 75011 PARIS",Paris 530 519 529,FR 59 530 519 529,10 000€,AFFLUENCE TRADING COMPANY,"58 Rue Amelot, 75011 Paris",,j.wu@affluencetc.com
Shilton,SARL MGM 67,Lieudit Les Barres 34310 QUARANTE,Lieudit Les Barres 34310 QUARANTE,BEZIERS 414 080 788,FR42414080788,110 000 €,Matthieu Maurel,3 avenue Jules Ferry 34370 Maureilhan,,matt@shilton.fr
THE-ARE,YOUANDI INFINITE SL,"C/ LA SAFOR 5 MANISES 46940-VALENCIA, SPAIN","C/ LA SAFOR 5 MANISES 46940-VALENCIA, SPAIN",B98962038 VALENCIA,ESB98962038,20.000 €,Youandi Infinite S.L.,"C/ La Safor 5, 46940 Manises, Valencia, España",,contact@the-are.com
CCV,CCV SAS,"47 Boulevard Alexandre III, 59140 DUNKERQUE","Zone Inova, 10 Allée 9, 88150 CAPAVENIR",DUNKERQUE 333 354 645,FR58333354645,19 333 467 €,Julien Gladstein,"47 BOULEVARD ALEXANDRE III, 59140 DUNKERQUE",,juliengladstein@yahoo.fr
JMP by Jean-Marc Philippe,Jean-Marc Philippe SA,"135 boulevard Sébastopol, 75002 PARIS","135 boulevard Sébastopol, 75002 PARIS",Paris 325 372 878,FR 80 325 372 878,192 000 €,Philippe Memmi,135 blvd Sébastopol 75002 Paris,,philippe@jeanmarcphilippe.com
Chantelle,CHANTELLE SA,8/10 RUE DE PROVIGNY 94230 CACHAN,8/10 RUE DE PROVIGNY 94230 CACHAN,CRETEIL 562 053 694,FR06562053694,"2 100 214,10 €",Chantelle Lingerie,8-10 Rue de Provigny 94230 CACHAN FRANCE,France,service-client.marketplace@groupechantelle.com
Lingadore,KOOS MENDELS MODE.B.V. – MENDELS FASHION GROUP,"Helmkamp 46F, 7091 HR Dinxperlo, The Netherlands","Helmkamp 46F, 7091 HR Dinxperlo, The Netherlands",,NL 803882786B01,18.000 €,Mendels Fashion Group,"Helmkamp 46F, 7091HR Dinxperlo, The Netherlands",,info@lingadore.com
Réservoir Mode,RESERVOIR MODE,25 rue Frédéric Bastiat 40000 Mont de Marsan,25 rue Frédéric Bastiat 40000 Mont de Marsan,500 703 640,FR69500703640,40.000 €,Stephane DERRIEN,25 rue Frédéric Bastiat 40000 MONT DE MARSAN FRANCE,,commercial@reservoir-mode.com
Well,CSP PARIS FASHION GROUP SAS,"68, rue Henri Matisse 02230 FRESNOY LE GRAND","68, rue Henri Matisse 02230 FRESNOY LE GRAND",SAINT QUENTIN 410 317 267,FR85410317267,588 939 €,Patrice Savio,590 route du Pont de la Croix 30120 Le Vigan,,patrice.savio@cspparis.fr
MKT Studio,JANN-K CREATIONS,"23 Quai de la Seine, 75019 Paris, France","39 rue Anatole France , 92300 Levallois-Perret",Paris 532 625 886,FR65532625886,100 000€,JANN-K CREATIONS,"23 Quai de la Seine, 75019 Paris, France",France,commercial@mktstudio.com
Rica Lewis,RICA LEVY INTERNATIONAL,ZI de Carros - 6001 M - 1ère avenue - 06510 CARROS,ZI de Carros - 6001 M - 1ère avenue - 06510 CARROS,Grasse 341 159 507,FR08341159507,3 500 000€,RICA LEVY INTERNATIONAL,ZI de Carros - 1ère avenue - 6001M -06510 CARROS,,contact@ricalewis.com
Wortmann Fashion Retail,WORTMANN FASHION RETAIL GMBH & CO. KG,"Klingenbergstr 1-3, 32758 DETMOLD, ALLEMAGNE","Klingenbergstr 1-3, 32758 DETMOLD, ALLEMAGNE",Amtsgericht Lemgo HRA4921,DE271167841,2 500 000€,Wortmann Fashion Retail GmbH & Co. KG,"Klingenbergstraße 1-3, 32758 Detmold, Allemagne",,service@wortmann.com
Mode & Maison Network,TSG LAB SAS,"8 Rue du Sentier, 75002 Paris","8 Rue du Sentier, 75002 Paris",Paris 901 950 774,FR86901950774,97 318 €,TSG Lab,"8 Rue du Sentier, 75002, Paris, Frnace",,demanders@stockly.ai
Eram,CHAUSSURES ERAM SASU,"Route de Chaudron en Mauges, Saint Pierre Montlimart 49111 MONTREVAULT SUR","Route de Chaudron en Mauges, Saint Pierre Montlimart 49111 MONTREVAULT SUR",ANGERS 833 590 706,FR95833590706,54 414 000€,Marie-line Nerrière,"Route de Chaudron, 49111 Saint Pierre Montlimart",,mnerriere@eram.fr
Kickers,ROYER RETAIL SAS,"1 RUE EUGENE FREYSSINET, 35133 JAVENE",51 AVENUE DU MARECHAL LECLERC 49300 CHOLET,RCS Rennes 439 723 859,FR10439723859,110 000  €,Groupe Royer,1 rue Eugène Freyssinet – ZI de l’Aumaillerie 35133 JAVENE,,www.grouperoyer.com
Vanessa Wu,TALARIA,"60 rue Amelot, 75011 PARIS","60 rue Amelot, 75011 PARIS",PARIS 811 488 576,FR92811488576,10 000 €,Lirenn Diffusion,3 rue Eugène Houdry 95410 Groslay,France,legal@vanessawu.fr
Via Vai Shoes,VIA VAI SHOES BV,"Tielenstraat 13, 5145 Waalwijk, Netherlands","Tielenstraat 13, 5145 Waalwijk, Netherlands",64911004,NL855898859B01,1€,VIA VAI SHOES BV,"Tielenstraat 13, 5145 Waalwijk, Netherlands",Pays-Bas,Dirk@viavaishoes.com
Falc Spa,FALC SPA France SA,"9, Rue du Dragon, Paris","C.Da San Domenico 24, 62012 Civitanova Marche, Italy",Paris 504 711 433,FR 07504711433,"6 000.000,00 €",Falc S.p.A.,C.Da San Domenico 24 62012 Civitanova Marche Italy,,gspr@falc.biz
Xtistore,XDC EUROPE DISTRIBUTION S.L,"P.I Las Teresas C/ Miguel Servet, S/N 30510 YECLA  ESPAGNE","P.I Las Teresas C/ Miguel Servet, S/N 30510 YECLA  ESPAGNE",MURCIA B73961971,ESB73961971,3 000€,XTI FOOTWEAR S.L,"P.I LAS TERESAS C/ MIGUEL SERVET, 15, XTI",,GPSR@XTI.ES
Zèta,ZETA SHOES,"7 allées de Chartres, 33000 Bordeaux","7 allées de Chartres, 33000 Bordeaux",Bordeaux 889 329 157,FR58889329157,6 000 €,Laure Babin,41 rue Saint-Francois 33000 Bordeaux,,laure@zeta-shoes.com
Bocage,BOCAGE SAS,"Route de Chaudron en Mauges, Saint Pierre Montlimart 49111 Montrevault Sur Evre","Route de Chaudron en Mauges, Saint Pierre Montlimart 49111 Montrevault Sur Evre",ANGERS 689 800 225,FR 68 689 800 225,17 944 830 €,Charlotte Biotteau,"Route de Chaudron, 49111 Saint Pierre Montlimart",,cbiotteau@montlimart.com
Camper,BINIARAIX Manufacturing S.L.U,"C/ Cuartel, 91, 07300, Inca. Mallorca, Illes Balears SPAIN","C/ Cuartel, 91, 07300, Inca. Mallorca, Illes Balears SPAIN",PARIS 602 040 412,ESB57687295,8 360 000€,Victori,"Carrer Quarter 91, 07300, Inca. Mallorca",Espagne,oa@camper.com
Gabor Shop,STEINMETZ DISTRIBUTION SAS,19 Rue Trubner  67000 STRASBOURG,19 Rue Trubner  67000 STRASBOURG,STRASBOURG 791 511 892,FR35791511892,200 000 €,Laetitia Steinmetz,19 Rue Trubner 67000 Strasbourg FRANCE,,laetitia.steinmetz@groupe-steinmetz.com
CLEON FOOTWEAR & CO,BELAIR DIGITAL SAS,ZI de La Noue 49740 LA ROMAGNE,ZI de La Noue 49740 LA ROMAGNE,853 733 772,FR39853733772,100 000 €,Emmanuelle Cléon,"IMPASSE DE LA NOUE, 49740 La ROMAGNE",,cleon@cleon.com
Martinelli,PIKOSTORE S.L.U,"Galileo Galilei, 2 - Elche Parque Industrial, 03203 Elche (Alicante) Spain","Galileo Galilei, 2 - Elche Parque Industrial, 03203 Elche (Alicante) Spain",Alicante B53906590,ESB53906590,"652 985,4 €",PIKOLINOS INTERCONTINENTAL SA,Galileo Galilei 2 Elche Elche Parque Industrial 03203 Alicante SPAIN,,infoproducts@pikolinos.com
Mellow Yellow,B.B.L SAS,"90 rue de Rivoli, 75004 PARIS","90 rue de Rivoli, 75004 PARIS",PARIS B 445 047 194,FR32445047194,3 040 000 €,Armelle Griveaux,90 rue de Rivoli 75004 Paris,,armelle@mellowyellow.com
Mephisto Shoes,STEINMETZ CHAUSSEUR SAS,19 rue trubner 67000 STRASBOURG,19 rue trubner 67000 STRASBOURG,STRASBOURG 388 682 262,FR01388682262,300 000 €,Claude Steinmetz,"19 RUE TRUBNER, 67000 STRASBOURG",,service.fr@mephisto.com
Odaje,ONAPP SAS,"32 RUE DE PARADIS, 75010 PARIS","32 RUE DE PARADIS, 75010 PARIS",PARIS B 750 923 385,FR 69 750 923 385,"32 643,13 €",ONAPP,"32 rue de Paradis, 75010 Paris",,rgpd@odaje.com
adidas,ADIDAS FRANCE,"1 allée des Orcades, 67000 STRASBOURG",Hoogoorddreef 9A - 1101BA Amsterdam – The Netherlands,085 480 069,FR58085480069,,adidas BV,"Hoogoorddreef 9a, 1101BA Amsterdam, NL",,spartner_adidas_en@onlineshop.adidas.co.uk​
Isotoner,TOTES ISOTONER SAS,15140 SAINT-MARTIN-VALMEROUX,41 rue de villiers 92200 Neuilly-sur-seine,AURILLAC 406 320 135,FR23406320135,1 229 690 €,Totes Isotoner,3 rue du Foirail Saint Martin Valmeroux 15140,,contact@web-isotoner.fr
Angarde,FRENCH PALS,"69 rue d'Aboukir, 75002 Paris, France","69 rue d'Aboukir, 75002 Paris, France",Paris 801117417,FR44801117417,25 878€,Linda Godroli,"69 rue d'Aboukir	, 75002 Paris",France,linda@angarde.fr
BILLYBELT,BILLYTEX SAS,40 av Paul Langevin 59910 BONDUES,40 av Paul Langevin 59910 BONDUES,LILLE METROPOLE 789 063 344,FR07789063344,50 000.00 €,Quentin Gaveau,40 avenue Paul Langevin 59910 BONDUES,,q.gaveau@billybelt.com
Dune London,THE DUNE GROUP LIMITED,"11 Evesham St, London W11 4AJ","11 Evesham St, London W11 4AJ",795 935 364,GB 108262239,190 000 000 €,Dune Shoes Ireland Ltd,"3rd Floor Ulysses House,  Foley Street, Dublin, D01 W2T""",,www.dunelondon.com
Sacha,TS-702 S.A.R.L.,"4/14 Rue Ferrus, 75014 Paris","4/14 Rue Ferrus, 75014 Paris",PARIS 843055914,FR 36 843055914,6.000 €,Sacha,"Magistratenlaan 42, 5223 MD 's-Hertogenbosch, The Netherlands",,service@sacha-shoes.com
Alma en Pena,ALMA EN PENA,"Calle Jose Echegaray 11, 28232 MADRID, Espagne, Spain","Calle Jose Echegaray 11, 28232 MADRID, Espagne, Spain",Madrid B02408011,ESB02408011,249215€,JOSE MANUEL GIL ROLDAN,"C/JARAS,101. LAS ROZAS DE MADRID. 28223.",Espagne,atencioncliente@almaenpena.es
CACATOÈS,JOKA SAS,"1 RUE CHARLES TELLIER, 13014 MARSEILLE","1 RUE CHARLES TELLIER, 13014 MARSEILLE",Marseille 814269940,FR50814269940,"140 000,00 €",SAS JOKA,1 RUE CHARLES TELLIER,France,HELP@MYCACATOES.COM
Lemon Jelly,DESIGN E MORE S.A.,"Rua das Casas Queimadas 567, 4415-439 Grijó, VILA NOVA DE GAIA (PORTUGAL)","Rua das Casas Queimadas 567, 4415-439 Grijó, VILA NOVA DE GAIA (PORTUGAL)",PT 508851661,PT508851661,500 000€,"Design e More, S.A.","Rua Das Casas Queimadas 567, 4415-439 Vila Nova De Gaia, Portugal",,cs@lemonjelly.com
Pikolinos,PIKOSTORE S.L.U,"Galileo Galilei, 2 - Elche Parque Industrial, 03203 Elche (Alicante) Spain","Galileo Galilei, 2 - Elche Parque Industrial, 03203 Elche (Alicante) Spain",Alicante B53906590,ESB53906590,"652 985,4 €",PIKOLINOS INTERCONTINENTAL SA,Galileo Galilei 2 Elche Elche Parque Industrial 03203 Alicante SPAIN,,infoproducts@pikolinos.com
Bons Baisers,BONS BAISERS DE PANAME SAS,15 rue Monsigny 75002 Paris,15 rue Monsigny 75002 Paris,PARIS B 828 275 420,FR67828275420,100 000 €,Chen Luc,86 avenue François Molé,,luc@bonsbaisersdepaname.com
Shoes & Style,SHOES10,"3 rue Brûlard, 10000 TROYES","3 rue Brûlard, 10000 TROYES",RCS Troyes 498 480 029,FR23498480029,20 000€,Sébastien GIOFFRED,3 rue Brulard,,commercial@usine23.com
Jules & Jenn,JULES & JENN,"1 rue du Conditionnement, 81200 AUSSILLON, France","1 rue du Conditionnement, 81200 AUSSILLON, France",Castres 533517660,FR30533517660,262 200€,JULES & JENN SAS,"1 rue du conditionnement, 81200 Aussillon",,bonjour@julesjenn.com
Maison Toufet,PARISLONDONING,"6 IMPASSE FRANCHEMONT, 75011 Paris, France","6 IMPASSE FRANCHEMONT, 75011 Paris, France",PARIS 532 675 378,FR34532675378,10 000 €,Toufet,6 Impasse Franchemont - 75011 - PARIS,,bonjour@maisontoufet.com
Schmoove,RAUTUREAU APPLE SHOES SAS,2 rue des Boutons d'Or 85130 LA GAUBRETIÈRE,Route des Bois 85130 LA GAUBRETIÈRE,La Roche sur Yon 302 640 008,FR36302640008,5 297 875 €,RAUTUREAU APPLE SHOES,2 RUE DES BOUTONS D’OR 85130 LA GAUBRETIERE,,contact@schmoove.fr
Rieker Online,C.C.V SAS,"47 Boulevard Alexandre III, 59140 Dunkerque France","Zone Inova, 10 Allée 9, 88150 Capavenir Vosges",DUNKERQUE 333 354 645,FR 58 333 354 645,19 333 467 €,Philippe Gladstein,"9 RUE DU STADE, 85130 LES LANDES-GENUSSON",,contact@riekershop.fr
Gabrielle Paris,GABRIELLE SARL,27 A rue de la liberté 59650 VILLENEUVE D’ASCQ,5 allée des écuries 59650 VILLENEUVE D’ASCQ,LILLE METROPOLE 818 438 590,FR81 818438590,31 350 €,JULIE SAUVAGE,5 allée des écuries 59493 Villeneuve d'ascq,,julie@gabrielle-paris.com
Edisac,REFLEX SAS,"Parc d’activité de la verte rue, allée des prêles - 59270 BAILLEUL","Parc d’activité de la verte rue, allée des prêles - 59270 BAILLEUL",DUNKERQUE 522 043 348,FR 66 522 043 348,100 000 €,AD International,"432 Allée des Prêles, Parc d'activité de la verte rue, 59270 Bailleul",,information@edisac.com
Hedgren,HEDGREN CREATIONS SA,13/17 Rue de la Vanne 92120 MONTROUGE,13/17 Rue de la Vanne 92120 MONTROUGE,PARIS 523 418 929,FR41523418929,8 655 344 €,Benjamin Mennes,"Hedgren 5th floor, Ankerrui 2 2000 Antwerp Belgium",,info@hedgren.com
Calida,REICH ONLINE SOLUTIONS GMBH,"Hogeringer Strasse . 27, DE 83071 Stephanskirchen - Allemagne","Hogeringer Strasse. 27, DE 83071 Stephanskirchen - Allemagne",Traunstein HRB 19548,DE 815 128 474,25 000 EUR,Calida Group Digital GmbH,"Gewerbepark BWB 2, 83052 Bruckmühl, Deutschland",,service@calida.com
Jan Vanderstorm,Vanderstorm Ventures GmbH & Co. KG,"Chausseestr. 86, 10115 BERLIN","Chausseestr. 86, 10115 BERLIN",,DE294957398,26.000€,Tobias Kohm,"Andreasstr. 72, 10243 Berlin",,t.kohm@vanderstorm-ventures.com
DC Shoes,EMERALD COAST,162 Rue Belharra – 64500 SAINT-JEAN-DE-LUZ,162 Rue Belharra – 64500 SAINT-JEAN-DE-LUZ,Bayonne 412 730 848,FR69412730848,11 314 005 €,Napali et Emerald,162 rue Belharra 64500 Saint Jean de Luz,,customer@info-product.eu
EMINENCE ATHENA,SAS EMINENCE,Route de Gallargues BP30 30470 AIMARGUES,Route de Gallargues BP30 30470 AIMARGUES,NIMES 350 169 124,FR03350169124,"22 233 712,20 €",Antonio Iandolo,Route de Gallargue - 30470 Aimargues,,marketplace@eminence.fr
Petrol Industries,PETROL INDUSTRIES B.V.,"Kalundborg 6, 5026 SE Tilburg PAYS-BAS","Kalundborg 6, 5026 SE Tilburg PAYS-BAS",TILBURG 180 689 20,NL811673340B01,18 000,Petrol Industries B.V.,Kalundborg 6 5026 SE Tilburg The Netherlands,,webshop@petrolindustries.com
Pullin,LYL SAS,95 RUE DES VANNIERS 40150 SOORTS-HOSSEGOR,95 RUE DES VANNIERS 40150 SOORTS-HOSSEGOR,DAX 501 226 187,FR93501226187,"987 602,33 €",LYL,95 RUE DES VANNIERS 40150 SOORTS-HOSSEGOR,,info@pull-in.com
Vendredi Swimwear,ELEOLINE,"11 ruette aux loups, 69660 Collonges au Mont d'Or, France","11 ruette aux loups, 69660 Collonges au Mont d'Or, France",LYON 879 577 963,FR27879577963,3920 €,Anne-Claire Gautheron,"11 ruette aux loups, 69960 Collonges au mont d'or",France,anneclaire@vendredi-swimwear.fr
Gentleman Farmer,VESTINVEST SAS,"38 avenue de Bobigny, 93130 NOISY-LE-SEC","38 avenue de Bobigny, 93130 NOISY-LE-SEC",Bobigny 539 323 592,FR21539323592,3 000 €,Hugo Rouillon,128 rue d’aguesseau Boulogne Billancourt 92100,,hugo.ROUILLON@vestiti.fr
La Canadienne,LA CANADIENNE SAS,19 Bis quai Victor Augagneur 69003 LYON,19 Bis quai Victor Augagneur 69003 LYON,LYON 328 062 286,FR 38 328 062 286,50 000 €,Jean-Sébastien VEILLEUX,19 bis quai victor augagneur 69003 LYON France,France,direction@la-canadienne.com
Schott,GROUPE JAJ SA,25 RUE DE ROMAINVILLE 93100 MONTREUIL,25 RUE DE ROMAINVILLE 93100 MONTREUIL,Bobigny 592 013 155,FR32592013155,3 560 939€,GROUPE JAJ SA,25 rue de Romainville 93100 Montreuil,,sav@schott-nyc.fr
Across,SARL PIXEL,"181 rue jean Monnet, 59170 CROIX","181 rue jean Monnet, 59170 CROIX",LILLE 838 458 867,FR64838458867,10 000 €,ROMAIN WIECHA,3 ALLEE JEAN MONNET,,romainwiecha@gmail.com
Faguo,FAGUO SAS,"2 rue du Président Edouard Herriot, 44000 NANTES","2 rue du Président Edouard Herriot, 44000 NANTES",Nantes 508 822 665,FR56508822665,17 000€,Nicolas Rohr,2 rue du Président Edouard Herriot 44000 Nantes,,nicolas@faguo.fr
MCS,CENTRAL WAY SAS,"112 rue Réaumur, 75002 PARIS","112 rue Réaumur, 75002 PARIS",Paris 394 679 690,FR46394679690,37 000€,MCS,"112 rue Reaumur, 75002 Paris",,contact@mcsapparel.fr
Redskins,NAGAD SAS,"7 rue Papillon, 75009 Paris","31 quai des Gresillons, 92230 Gennevilliers",Paris 522 988 989,FR30522988989,13 000€,Aboujedid Baia,"7 RUE PAPILLON, 75009 PARIS",,t.aboujedid@redskins.fr
Kids around,Children Worldwide Fashion SAS,"6 Rue de la Tisonnière, 85500 Les Herbiers","6 Rue de la Tisonnière, 85500 Les Herbiers",421 994 658,FR29421994658,"8 211 560, 75 €",CWF CHILDREN WORLDWIDE FASHION,"6 rue de la Tisonnière, 85500 Les Herbiers, France",,hello@us.kidsaround.com
La Manufacture de Layette,MANUFACTURE DE LAYETTE ET TRICOTS TECHNIQUES,"934 AV du Champ de Foire, 42130 Sainte-Agathe-la-Bouteresse, France","934 AV du Champ de Foire, 42130 Sainte-Agathe-la-Bouteresse, France",SAINT ETIENNE 885 550 251,FR21885550251,286 363 EUR,Arnaud de Belabre,934 AVENUE DU CHAMP DE FOIRE 42130 SAINTE-AGATHE-LA-BOUTERESSE,France,support@mlt.fr
So Chic Brands,EURL STYLE NETWORK INTERNATIONAL,29 boulevard Gay Lussac 13014 MARSEILLE,29 boulevard Gay Lussac 13014 MARSEILLE,502 079 460,FR 825 020 794 60,1 876 500 €,Style Network International,"29, Boulevard Gay Lussac 13014 MARSEILLE (France)",,ammarmichael@gmail.com
Petit Béguin,TLA Diffusion,Zone industrielle de la Pilaterie 26 A rue des Chateaux 59290 Wasquehal France,Zone industrielle de la Pilaterie 26 A rue des Chateaux 59290 Wasquehal France,LILLE 823 978 457,FR 908 239 784 57,100 000 €,TLA Diffusion,"26A rue des châteaux, 59290 Wasquehal",,service-clients@petit-beguin.fr
Sucre d'orge,GROUPE SALMON ARC EN CIEL SAS,"49 rue de Vendée, Villedieu-La-Blouère, 49450 BEAUPREAU EN MAUGES","49 rue de Vendée, Villedieu-La-Blouère, 49450 BEAUPREAU EN MAUGES",Angers 349 773 697,FR32349773697,4 800 048 €,GROUPE SALMON ARC EN CIEL SAS,"49 rue de Vendée, 49450 VILLEDIEU LA BLOUERE",,adv@gsa.fr
Tichoups,HDS TICHOUPS SARL,44 Avenue de Flandre 59700 MARCQ-EN-BAROEUL,44 Avenue de Flandre 59700 MARCQ-EN-BAROEUL,LILLE 512 903 725,FR90512903725,98 000 €,Decoster,205A chemin des peupliers 59700 Marcq en Baroeul,,contact@tichoups.com
Zippy,ZIPPY- COMÉRCIO E DISTRIBUIÇÃO S.A.,"Rua João Mendonça, 529   4464 503 SENHORA DA HORA – MATOSINHOS PORTUGAL","SONAE 2.D 2º Piso Lugar do Espido, Via Norte 4470-179 Maia PORTUGAL",PORTO 503226696,PT 503226696,"25 935 000,00 €","ZIPPY COMÉRCIO E DISTRIBUIÇÃO, SA","RUA JOÃO MENDONÇA Nº529, 4464-503 SENHORA DA HORA, PORTUGAL",,cliente@zippy.pt
Boboli,"BOBOLI, S.A.","A7 Llinars Park, C. de la Física, 18-20 08450 Llinars del Vallès, BARCELONA, ESPAGNE","A7 Llinars Park, C. de la Física, 18-20 08450 Llinars del Vallès, BARCELONA, ESPAGNE",BARCELONA A08697898,ESA08697898,"73 201,80 €","BOBOLI , S.A.","08450 Llinars de Valles, BARCELONA",,monica_algas@boboli.es
Noukie's,NOUKIES SA,"159A Drève Richelle,1410 Waterloo, Belgique","159A Drève Richelle,1410 Waterloo, Belgique",Nivelles (Belgique) 446 229 791,BE0446229791,"462886,69 €",Amaury Gilliot,"Drève Richelle 159A Bte 7, 1410 Waterloo",,agi@noukies.com
Trois Kilos Sept,NOVATEX SARL,"59, route du Bief du Moulin, 73470 NOVALAISE","59, route du Bief du Moulin, 73470 NOVALAISE",Chambéry 434 542 379,FR14434542379,7 700€,NOVATEX,59 route du Bief du moulin 73470 NOVALAISE,,contact@novatex.fr
Sauthon,SAUTHON INDUSTRIES,ZI Cher du Prat 23007 GUERET,ZI Cher du Prat 23007 GUERET,Guéret B 421 195 298,FR80421195298,3 000 000€,Sauthon Industries,6 ZI Cher du Prat 23000 Guéret,,marketplaces@sauthon.fr
Leadermode,SAS GEODISTRIBUTION,29 rue Léon Frot 75011 Paris,29 rue Léon Frot 75011 Paris,Paris B 503 642 027,FR64503642027,26 400 €,Victor Mamane,"47 rue du general sarrail, 94000 Créteil, France",,mamanevictor@hotmail.com
Bemini,ID PLUS S.A,"341/5 CHAUSSEE BARA, 1410 WATERLOO","341/5 CHAUSSEE BARA, 1410 WATERLOO",BE 0459 643 903,BE 0459 643 903,1 212 500 €,Bernard Gustot,"341 Chaussée Bara, 1410 Waterloo",,info@bemini.be
Émoi Émoi,MBB PARTNERS,"6 rue Debelleyme, 3è étage, appt droite, 75003 Paris, France","6 rue Debelleyme, 3è étage, appt droite, 75003 Paris, France",PARIS 519 833 966,FR27519833966,63 880 €,"Société MBB PARTNERS, marque émoi émoi",6 rue Debelleyme 75003 Paris,France,bonjour@emoi-emoi.com
CHAUSSETTES.COM,THYO,"37, rue des bonnetiers 60220 MOLIENS","37, rue des bonnetiers 60220 MOLIENS",BEAUVAIS 904 023 256,FR 26 904 023 256,5 200 €,THYO SAS,"37, rue des bonnetiers 60220 MOLIENS",,contact@thyo.fr
Boni&Sidonie,BONI&SIDONIE SARL,67 route de Quelvezin 56340 CARNAC,67 route de Quelvezin 56340 CARNAC,LORIENT 844 231 647,FR24844231647,1 000 €,Boniface de Castellane,"67 route de Quelvezin, 56340 Carnac FRANCE",,sav@boniclassic.com
Toys World France,TOYS WORLD GMBH,Hans-Böckler-Straße 55  - 33334 Gütersloh - ALLEMAGNE,Hans-Böckler-Straße 55  - 33334 Gütersloh - ALLEMAGNE,Bielefeld HRB 2427,DE126796566,155 000€,Anton Schumacher,Hans-Böckler-Str. 55 D-33334 Gütersloh,,gpsr@toysworld.de
ASD,ADS SAS,Zone Artisanale la Pitoisière 2 Impasse du Petit Bois72170 MARESCHE,Zone Artisanale la Pitoisière 2 Impasse du Petit Bois72170 MARESCHE,LE MANS 480 862 465,FR12480862465,10 000 €,ASD,ZAC Maine Eco Park 6 rue des chênes 72170 MARESCHE,,contact@asdiscount.com
Les jouets en bois,H.EVENTS HISTOIRE D'EVENEMENTS,8 rue Maurice Raffault - 37420 SAVIGNY EN VERON,8 rue Maurice Raffault - 37420 SAVIGNY EN VERON,Tours 482 829 660,FR20482829660,8 000€,H EVENTS,8 Rue Maurice Raffault 37420 Savigny en Véron,,contact@lesjouetsenbois.com
OXYBUL,OKAIDI,"162 boulevard de Fourmies, 59100 Roubaix, France","162 boulevard de Fourmies, 59100 Roubaix, France",Lille Métropole 398 110 445,FR29398110445,6 483 008 €,Eric Venel,162 bd de Fourmies  BP 615 59061 Roubaix cedex 01,France,evenel@idkids.com
Easykado,HELFRICH FARRJOP SARL,3 rue des Près 67330 KIRRWILLER,3 rue des Près 67330 KIRRWILLER,Savernes 342 690 344,FR54342690344,2 300 000€,Karine Helfrich,3 rue des prés 67330 KIRRWILLER,,karine.helfrich@helfrich.fr
Boulanger,BOULANGER SA,1 Avenue de la Motte - 59810 Lesquin,1 Avenue de la Motte - 59810 Lesquin,Lille 347 384 570,FR78347384570,40 611 564 €,Boulanger,1 avenue de la Motte 59810 Lesquin,,contact@infos.boulanger.com
1001 Jouets,Small Gallery SAS,2 place Charles Fillion  75017 PARIS,2 place Charles Fillion  75017 PARIS,Paris 481 309 227,FR49481309227,120 000 €,Dimitri Petit,2 PL Charles Fillion,,serviceclient@1001jouets.fr
Berceau magique,MEGARA,"108 rue d'Ollioules, 83140 Six Fours les Plages, France","108 rue d'Ollioules, 83140 Six Fours les Plages, France",TOULON 450 289 202,FR28450289202,150 000€,MEGARA,"108 rue d'Ollioules, 83140 Six-Fours-les-plages",,marketplace@megara.fr
Family Concept,SARL LULILO,"200 rue Pierre Carrère, 12000 RODEZ","200 rue Pierre Carrère, 12000 RODEZ",RODEZ 511 648 446,FR84511648446,1 500 000 €,Stéphanie GUIBERT,"1301 Route du Monastère, Parc d'activités Malan, 12510 Olemps",France,stephanie.guibert@lulilo.fr
Born to be Kids,EDEN KIDS,122 avenue roger Salengro 92290 CHATENAY MALABRY,65 rue de Boulainvilliers 75016 PARIS,NANTERRE 982805863,FR72982805863,"120 000,00 €",Anthony CELTON,122 avenue Roger Salengro  92290 Chatenay Malabry,France,Anthony.celton@sanant.fr
Janod officiel,JURATOYS S.A.S,"13, rue de l’Industrie 39270 ORGELET France","13, rue de l’Industrie 39270 ORGELET FRANCE",LONS-LE-SAULNIER 453 389 660,FR 724 533 896 60,1 600 000 €,JURATOYS SAS,"13 Rue de l'Industrie, 39270 ORGELET",,contact-janod-redoute@juratoys.com
Kindsgut,Kindsgut GMBH,"Altonaer Straße 83a, 13581 Berlin, Allemagne","Altonaer Straße 83a, 13581 Berlin, Allemagne",Berlin HRB186546B,DE815695941,25 002€,Kindsgut GmbH,"Altonaer Straße 83A, 13581 Berlin, Germany",,info@kindsgut.de
MeowBaby,ZORIN INT,"Witkowice 1, 78-100 Kołobrzeg, Poland","Witkowice 1, 78-100 Kołobrzeg, Poland",Pologne 0000681256,PL9571095240,"1162,79€",ZORIN INT Sp. z o.o.,"Witkowice 1, Kołobrzeg 78-100, Poland",,marketplace.cs@zorinint.com
Jardindeco,JARDIN DECO SAS,"ZI de la Pointe à Miteau, 22 rue du Bois D'Amour, 86000 POITIERS","22 rue du Bois d’Amour, 86000 POITIERS",POITIERS 752 655 860,FR40752655860,802 840 €,Jardindeco,"22, rue du bois d'amour, 86000 POITIERS",,achats@jardindeco.com
Decoration Brands,DEPOT BINGO SAS,2 rue de la Ferme 60480 Oursel-Maison,2 rue de la Ferme 60480 Oursel-Maison,BEAUVAIS 491 127 254,FR80491127254,300 000€,JJA,"ZAC des Tulipes Nord, 4 Rue  de Montservon, 95500 Gonesse",,contact@jja-sa.com
The Cool Republic,THE COOL REPUBLIC SAS,72 rue des Martyrs 75009 Paris,72 rue des Martyrs 75009 Paris,PARIS 789 833 647,FR85789833647,8 1813.00 EUR,Florian Masse,4 rue drouot 75009 Paris,,Florian@thecoolrepublic.com
Aosom,MH France SARL,2 RUE MAURICE HARTMANN 92130 ISSY-LES-MOULINEAUX,2 RUE MAURICE HARTMANN 92130 ISSY-LES-MOULINEAUX,NANTERRE 534 192 075,FR49534192075,100 000€,Emmanuel Benichou,2 rue Maurice Hartmann 92130 Issy les Moulineaux,,contactlaredoute@mhfrance.fr
LexibookShop,LEXIBOOK LINGUISTIC ELECTRONIC SYSTEM SA,"6 Avenue des Andes - Bat 11 - ZA Courtaboeuf, 91940 LES ULIS","6 Avenue des Andes - Bat 11 - ZA Courtaboeuf, 91940 LES ULIS",Evry 323 036 921,FR71323036921,"3 881 659,50 €",LEXIBOOK,6 avenue des andes BAT11 91940 Les ulis,France,savcomfr@lexibook.com
Sevira Kids,NEXT-1 GROUP SARL,7 Rue du Four Saint-Jacques 60200 COMPIÈGNE,7 Rue du Four Saint-Jacques 60200 COMPIÈGNE,COMPIEGNE 821 208 329,FR84821208329,100 000 €,Virapin Petra,"7 rue du Four Saint Jacques, 60200 Compiègne France",,contact@sevirakids.com
Mookie,MOOKIE France,"375 AVENUE DU MISTRAL, ESPACE MISTRAL B, 13600 LA CIOTAT, France","375 AVENUE DU MISTRAL, ESPACE MISTRAL B, 13600 LA CIOTAT, France",MARSEILLE 900 331 901,FR63900331901,"5,000.00 €",Andrew Bevan,,,andrew.bevan@mookie.co.uk
sweeek,WALIBUY SAS,"270 Avenue de l'Espace, 59118 WAMBRECHIES","270 Avenue de l'Espace, 59118 WAMBRECHIES",LILLE METROPOLE 518 047 014,FR70 518 047 014,597 410 €,WALIBUY,270 avenue de l'Espace,,client@walibuy.com
Teamson,TEAMSON EUROPE B.V.,"Zekeringstraat 17A, 1014BM, AMSTERDAM, The Netherlands","Zekeringstraat 17A, 1014BM, AMSTERDAM, The Netherlands",NL 73730394,NL859643839B01,100 €,Gary Woods,"Zekeringstraat 17 A, 1014 BM Amsterdam, Netherlands",,gary@teamson.co.uk
Pret a Jardiner,PRÊT A JARDINER,411 rue d'Armentières 59280 BOIS GRENIER,411 rue d'Armentières 59280 BOIS GRENIER,Lille 533 419 784 000 20,FR21533419784,20 000 €,Pascal DE BAERE,411 rue d'armentières 59280 Bois Grenier,,contact@pretajardiner.com
Louis Pion,LOUIS PION SAS,101-109 rue Jean Jaurès - 92300 LEVALLOIS-PERRET,101-109 rue Jean Jaurès - 92300 LEVALLOIS-PERRET,NANTERRE 389 756 487,FR45389756487,7 692 300 €,Marianne ROMESTAIN,101-109 RUE JEAN JAURES 92300 LEVALLOIS-PERRET,,mromestain@galerieslafayette.com
Micro Mobility,ANTRIM SAS,18 rue rhin et danube 69009 LYON,18 rue rhin et danube 69009 LYON,LYON 794 331 462,FR54794331462,100 000 €,Gregoire Henin,18 rue Rhin et Danube - 69009 Lyon - France - FRA,,contact@micro-mobility.fr
Petit Jour,PETIT JOUR SA,7 avenue Trudaine 75009 Paris,71 rue du Grand Meaulnes 77310 Saint Fargeau Ponthierry,Paris B 311 068 852,FR26311068852,350 000 €,Marion Paillocher-Lettmann,7 avenue Trudaine 75009 Paris,France,welcome@petitjour.com
Pylones,PYLONES SAS,"41 avenue de l’agent Sarre, 92 700 COLOMBES","41 avenue de l’agent Sarre, 92 700 COLOMBES",NANTERRE 332 251 875,FR30 332 251 875,350 000 €,Jacques Guillemet,41 AVENUE DE L AGENT SARRE,,jacques@pylones.com
ReCollection,SHEENOOK SAS,"3 La Cuisinerie, 44850 SAINT MARS DU DESERT","3 La Cuisinerie, 44850 SAINT MARS DU DESERT",Nantes 818 437 816,FR87818437816,1 000 €,Sheenook,3 La Cuisinerie - 44850 Saint Mars du désert,,e.delahaye@recollection.fr
Soulet,Cerland France,"236 avenue clément ader, 59118 Wambrechies, France","236 avenue clément ader, 59118 Wambrechies, France",LILLE 451 278 634,FR00752363424,2.130.000€,Cerland France,"236 avenue clément ader, 59118 Wambrechies",France,ludovic.delsart@cerland.com
Home Maison,HOME MAISON,89 quai Charles De Gaulle - Cité Internationale 69006 LYON,89 quai Charles De Gaulle - Cité Internationale 69006 LYON,Lyon 493113682,FR72493113682,1 247 400€,Arthur Dechelette,89 QUAI CHARLES DE GAULLE,,arthur@homemaison.com
Sport4Heros,MKP SAS,22 rue de l’Industrie 64700 Hendaye,22 rue de l’Industrie 64700 Hendaye,Bayonne 849 203 302,FR75849203302,10 000 €,JT2D,13 rue de l'industrie zone industrielle des Joncaux 64700 Hendaye,,info@jt2d.com
The Zoofamily,KOLLEKTIV7680,"Lobeliastraat 4, 8670 Koksijde","Lobeliastraat 4, 8670 Koksijde",Belgium 1007796940,BE1007796940,1000€,Kollektiv7680 BV,"Lobeliastraat 4, 8670 Koksijde, Belgium",,info@thezoofamily.com
Bebeconfort,DOREL FRANCE SAS,"9 Boulevard du Poitou - ZI BP905, 49309 CHOLET","9 Boulevard du Poitou - ZI BP905, 49309 CHOLET",ANGERS B 300 299 765,FR70300299765,1 423 953.50 €,DOREL FRANCE,"9 boulevard du Poitou, 49300, CHOLET, France (FR)",,
MAISON LEFEBVRE,LEFEBVRE TEXTILE SAS,"20, rue Luyot Zone Industrielle B59 476 SECLIN CEDEX","20, rue Luyot Zone Industrielle B59 476 SECLIN CEDEX",LILLE METROPOLE 469 502 561,FR 86 469 502 561,2 000 000 €,LEFEBVRE TEXTILE,20 rue du Luyot 59113 SECLIN,,serviceclients.marketplace@today.fr
Nos Envies Déco,KSERVICES SAS,52 route nationale 39190 Beaufort,52 route nationale 39190 Beaufort,Lons le Saunier 423 154 673,FR05423154673,85000 €,K Services,11 Vieille Route 71480 Cuiseaux,,contact@kservices.fr
Cadomus,MAGASINS GENERAUX,"6, Rue des Halles 30000 NIMES","530 Route de Saint Hilaire, 30360 VEZENOBRES",570 202 762,FR09570202762,10 000 €,BASTIDE Dominique,1570 chemin du haut bresis 30100 Alès,,dbastide@bastide.fr
Babymoov Officiel,HAPPEEZ SAS,"Parc Industriel des Gravanches, 16 rue Jacqueline Auriol; 63100 CLERMONT-FERRAND","Parc Industriel des Gravanches, 16 rue Jacqueline Auriol; 63100 CLERMONT-FERRAND",Clermont-Ferrand 821 943 040,FR86821943040,437 050€,BABYMOOV GROUP,"16 rue Jacqueline Auriol 63100 Clermont-Ferrand, FRANCE",,www.babymoov.com
Banwood,BANWOOD SL,"Avda Gran Capitan 19 2 D, 14008 CÓRDOBA","Avda Gran Capitan 19 2 D, 14008 CÓRDOBA",Cordoba B56079262,ESB56079262,3000€,Antonio Muñoz Giráldez,"Avd. Gran Capitán 19, 2 Derecha, 14008 Córdoba, Spain",,antoniomunoz@banwood.com
BigStuffed,BIGSTUFFED,10 rue de Crussol 75011 Paris,10 rue de Crussol 75011 Paris,Paris 809 827 272,FR40809827272,1000.00 €,Dana Muskat,10 rue de Crussol 75011 Paris,France,wholesales@bigstuffed.com
Cémonjardin,FREMAUX DELORME SAS,10 rue de la Pépinière 75008 PARIS,35 B avenue de la Marne 59290 WASQUEHAL,PARIS 456 501 600,FR30456501600,3 397 302 €,Léo CROSTE BAYLIES,Service Qualité & RSE - 35 B Avenue de la Marne – CS 90120 - 59442 Wasquehal cedex - France,,contact@fremaux.fr
Corolle,COROLLE SAS,ZI SUD RUE LAVOISIER 37130 LANGEAIS FRANCE,ZI SUD RUE LAVOISIER 37130 LANGEAIS FRANCE,TOURS 838 015 584,FR85838015584,558 400.00 €,Corolle SAS,1 rue Lavoisier 37130 Langeais France,France,gpsr@corolle.com
Belles nuits,TEXTILES LASSON SAS,Route de Ligny 59157 FONTAINE AU PIRE,Route de Ligny 59157 FONTAINE AU PIRE,DOUAI 687 120 055,FR82687120055,48 000 €,DODO SAS,25 rue du Maréchal Foch 57500 SAINT-AVOLD,,contact@dodo.fr
1001 Kdo,1001KDO SASU,Lieu Dit Kerbrat Bras 29440 SAINT DERRIEN,Lieu Dit Kerbrat Bras 29440 SAINT DERRIEN,BREST 812 225 282,FR65812225282,3 000 €,Benedicte Arnoult,lieu dit kerbrat bras 29440 st derrien,,1001kdo@gmail.com
Raviday.com,RAVIDAY.COM SAS,"ZI de la Sangle, Rue de l'océan, 44390 NORT-SUR-ERDRE","ZI de la Sangle, Rue de l'océan, 44390 NORT-SUR-ERDRE",NANTES 521 708 305,FR51521708305,80 000 €,Raviday,"2 Rue Georges Clemenceau, 44600 Saint-Nazaire, France",France,www.raviday.com
Kadolis,Kadolis,"151 Boulevard Elisabeth Boselli, 49100 ANGERS","151 Boulevard Elisabeth Boselli, 49100 ANGERS",ANGERS 494103484,FR17494103484,134 105€,SWISTUNOW Vladimir,151 BOULEVARD ELISABETH BOSELLI,,vladimir@kadolis.com
Kangui,KANGUI SSAS,16 impasse du Bourny 53000 LAVAL,16 impasse du Bourny 53000 LAVAL,LAVAL 421 608 290,FR75421608290,135 000 €,KANGUI,16 rue Ferdinand Buisson 53810 CHANGE,,info@kangui.com
Kare Design,SARL DECO IN DESIGN,40 rue François Groult - 56850 Caudan,40 rue François Groult - 56850 Caudan,LORIENT 508 487 535,FR71508487535,50 000€,KARE Design GmbH,Zeppelinstr. 16 Garching 85748 Deutschland,,info@kare.de
LEGO Officiel,RAKUTEN FRANCE,"92 rue Réaumur, 75002 Paris","92 rue Réaumur, 75002 Paris",PARIS 432 647 584,FR23432647584,"355 964,80 €",LEGO System A/S,"Aaastvej 1, 7190 Billund, Denmark",Danemark,product.compliance@LEGO.com
Livoo,DELTA SAS,1 RUE FOCH 67450 MUNDOLSHEIM,1 RUE FOCH 67450 MUNDOLSHEIM,STRASBOURG B 324 432 186,FR25 324 432 186,200 000 €,DELTA,1 RUE FOCH 67450 MUNDOLSHEIM,,marketplace@deltabrands.fr
Pioupiou et Merveilles,SHOKID EURL,4 boulevard Albert 1er 94130 Nogent-Sur-Marne France,4 boulevard Albert 1er 94130 Nogent-Sur-Marne France,CRETEIL B 491 879 722,FR03491879722,"8 000,00€",DUCHEMIN Jérôme,4 boulevard Albert Ier 94130 Nogent sur Marne,,jerome.duchemin@shokid.com
Bambinou,DISTRIB ETIK SARL,57 rue des Filatiers 31000 TOULOUSE,57 rue des Filatiers 31000 TOULOUSE,TOULOUSE 522 668 706,FR63522668706,70 000€,THIERRY BORONAT,2 Rue Sainte Quitterie 31280 MONS,,thierry.boronat@bambinou.com
Nobodinoz,NOBODINOZ SLU,"Calle vic 10 local bajos, 08006 Barcelona ESPANA","Calle vic 10 local bajos, 08006 Barcelona ESPANA",BARCELONE ESB64293335,ESB64293335,3 000 €,Roman BRESSAN,"Gran de Gracia 25, 08012, BARCELONA, Catalunya, España",,roman.bressan@nobodinoz.com
OYOY Living Design,OYOY LIVING DESIGN A/S,"Hammershusvej 16A, 7400 HERNING (DENMARK)","Hammershusvej 16A, 7400 HERNING (DENMARK)",Herning 33777256,DK33777256,228 188 €,Lotte Øster Fynboe,"OYOY LIVING DESIGN A/S, Bitsovvej 1,7400 Herning,Denmark",,digital@oyoy.dk
Play&Go,Camicol,"Lobeliastraat 4, 8670 Koksijde, Belgique","Lobeliastraat 4, 8670 Koksijde, Belgique",BELGIUM 0559 805 014,BE0559805014,1000 €,Camille Haspeslagh,Koninginnestraat 2 9771 Nokere,Belgique,camille@playandgo.com
VPC Boost,GPDIS France,"13, avenue de Fontréal - Eurocentre - 31620 VILLENEUVE-LES-BOULOC","46, rue Nicolas Appert – 87000 LIMOGES",327 127 247,FR 64 327 127 247,18 729 824 €,GPdis France - VPC Boost,"46, rue Nicolas Appert, 87000 Limoges, France",,crm@vpcboost.com
Electropro,HIGH TECH & MAISON SAS,"140 B, rue de Rennes 75006 PARIS","140 B, rue de Rennes 75006 PARIS",Paris 853 843 332,FR83853843332,10 000 €,High Tech & Maison,"140 bis, rue de Rennes 75006 Paris",,contact.laredoute@hightechetmaison.fr
House of fun,SAMPLE & SUPPLY SARL,28 avenue karl marx 69120 Vaulx en velin France,28 avenue karl marx 69120 Vaulx en velin France,Lyon 529 187 569,FR94529187569,30 000 €,BAUDURET,71 rue de Cuire,,info@sample-supply.com
Dutch Home Label,DUTCH HOME LABEL B.V.,"Keyserswey 30, 2201 CW, Noordwijk, the Netherlands","Keyserswey 30 ('s-Gravendijck), 2201 CW, Noordwijk, the Netherlands",AMSTERDAM 73312207,NL859454459B01,1 000 €,Lightmakers B.V.,'s-Gravendijckseweg 8 2201CZ Noordwijk,,info@light-living.com
Lexon,LEXON SAS,125 Avenue des Champs Elysées 75008 PARIS,125 Avenue des Champs Elysées 75008 PARIS,342 979 044 RCS PARIS,FR41342979044,1 000 000 €,Lexon SAS,125 Avenue des Champs Elysées 75008 Paris,,support@lexon-design.com
Globale Multimedia,EXASOFT SARL,1 La Chaussée de Hary 02140 HARY,1 La Chaussée de Hary 02140 HARY,SAINT QUENTIN 494 523 855,FR33494523855,7 125 €,EXASOFT,1 LA CHAUSSE DE HARY 02140 HARY,,fabrice.blatier@exasoft.fr
Evetane,EVETANE SARL,Zone industrielle Saint-Mitre Lot Primindus 1485 Chemin de la vallée 13400  AUBAGNE,Zone industrielle Saint-Mitre Lot Primindus 1485 Chemin de la vallée 13400  AUBAGNE,519845739  R.C.S Marseille,FR38519845739,150 000 €,Laurent Amsallem,16 Boulevard Gaston Crémieux  13008 Marseille,,laurent@evetane.com
Samsonite,ABOUT BAGS NV,"Westerring 17, 9700 Oudenaarde Belgium","Westerring 17, 9700 Oudenaarde Belgium",BELGIQUE 838 263 994,BE0681881789,61 500 €,Samsonite Europe NV,Westerring 17 9700 Oudenaarde Belgium,,Legal.notifications.europe@samsonite.com
Bleu Cerise,MOUCHET-BURY,"226 rue Louis Lépine, Pôle d'activité des Costières 30600 VAUVERT","226 rue Louis Lépine, Pôle d'activité des Costières 30600 VAUVERT",NIMES 300 990 686,FR40300990686,192 200 €,SAS MOUCHET BURY,"226 RUE LOUIS LEPINE, 30600 VAUVERT",,contact@bleucerise.com
Hexagona,HEXAGONA SAS,"122 Avenue De La Plaine de France France, 95500 Gonesse","122 Avenue De La Plaine de France France, 95500 Gonesse",Pontoise 405 270 224,FR74405270224,100 000 €,David Hu,"122 AVENUE DE LA PLAINE DE FRANCE, 95500 GONESSE",,sav@hexagona.com
Le Tanneur,LE TANNEUR & CIE SA,7 rue du Tronchet 75008 PARIS,7 rue du Tronchet 75008 PARIS,PARIS 414 433 797,FR 23 414 433 797,28 978 015 €,Le Tanneur,"7 rue Tronchet, 75008, Paris",,src@letanneuretcie.com
Oh my bag,Panda&Cie SARL,21 place de la république 75003 Paris,4 rue chantoiseaux 95450 Seraincourt,PARIS 802 247 213,FR 58 802 247 213,5000 €,Ludovic Fromaget,21 Place De La République 75003 Paris,France,ludovic@ohmybag.fr
Viquel,VIQUEL SAS,"14-30 rue de Mantes, 92700 COLOMBES","14-30 rue de Mantes, 92700 COLOMBES",Nanterre 325 206 662,FR1232520662,2 463 200€,Viquel,"14-30 rue de mantes, Le Charlebourg",,contact@viquel.fr
Lili's,JNG DIFFUSION,19 Bis Chemin des Meuniers 77700 CHESSY,19 Bis Chemin des Meuniers 77700 CHESSY,MEAUX 794 463 687,FR96794463687,50 000 €,Orane BERNARD,19 Bis Chemin des Meuniers 77700 CHESSY,,orane.b@jngdiffusion.fr
Mathilde M.,MATHILDE CREATIONS SAS,117 rue Pablo Picasso 71000 MÂCON,117 rue Pablo Picasso 71000 MÂCON,MACON 829 236 454,FR38829236454,1 055 550 €,Cécile Vaucelle,117 rue Pablo Picasso 71000 Mâcon,,cecile.vaucelle@mathilde-creations.com
Sia Deco,CAFOM DISTRIBUTION SAS,9 rue Jacquard 93310 LE PRE SAINT-GERVAIS,9 rue Jacquard 93310 LE PRE SAINT-GERVAIS,BOBIGNY 337 810 501,FR56337810501,577 600€,CAFOM DISTRIBUTION,"9 Rue Jacquard, 93310 Le Pré-Saint-Gervais",,contact.sia@cafom.com
Wadiga,WADIGA SARL,34 RUE ALAIN PERONNAU - 33830 BELIN-BELIET,34 RUE ALAIN PERONNAU - 33830 BELIN-BELIET,BORDEAUX 788 880 136,FR82788880136,"10 000,00 €",WADIGA,36 rue Alain Peronnau 33830 Belin Béliet,,contact@wadiga.com
Maison En Vogue,MAISON EN VOGUE SAS,"81, avenue Kleber 75116 PARIS","81, avenue Kleber 75116 PARIS",Paris 522 742 022,FR15522742022,70 000€,Sorba Vincent,"4 rue Anatole France, 94140, Alfortville",,vincent@p-i-b.com
Gone's,GONE'S,"109 rue Sébastien Gryphe, 69007 Lyon, France","109 rue Sébastien Gryphe, 69007 Lyon, France",LYON B 803 405 372,FR92803405372,7000 €,DUMONTET,5 Avenue Auguste Blanqui 69100 VILLEURBANNE,,contact@gones.fr
Toilinux,TOILINUX.COM SAS,88 rue de l'Industrie - 01480 JASSANS RIOTTIER,88 rue de l'Industrie - 01480 JASSANS RIOTTIER,BOURG EN BRESSE 505 318 287,FR73505318287,50 000 €,Toilinux.com,88 rue de l'industrie 01480 Jassans-Riottier,,achats@toilinux.com
Hübsch,HÜBSCH,"Hübsch Retail ApS, HI-Park 381 7400 Herning Denmark","Hübsch Retail ApS, HI-Park 381 7400 Herning Denmark",DK41732350,DK41732350,"13 423,00 €",Daniel HENRIKSEN,Hübsch Retail ApS HI-Park 381 7400 Herning Denmark,Danemark,dh@hubsch-interior.com
Kdesign,KASIA SARL,"47 rue Marcel Dassault, 92100 Boulogne Billancourt","47 rue Marcel Dassault, 92100 Boulogne Billancourt",Nanterre 477 941 512,FR36477941512,31 000 €,Charles Ballif,47 av Marcel Dassault 92100 Boulogne Billancourt,,cballif@kdesign.fr
Maison Aubertin,MAISON AUBERTIN SAS,"40 rue Antoine Condorcet, 38090 Vaulx Milieu, France","40 rue Antoine Condorcet, 38090 Vaulx Milieu, France",831 037 312 VIENNE,FR03831037312,5000 €,Maison Aubertin,40 rue Antoine Condorcet,,contact@maison-aubertin.com
Pier Import,PIER IMPORT,66 rue Escudier 92100 BOULOGNE-BILLANCOURT,22 rue Chantecoq 89100 SENS,Nanterre 500 466 859,FR57500466859,1 874 247.35€,Pier Import SAS,66 rue Escudier - 92100 Boulogne Billancourt - France,,lfe@pierimport.fr
Potiron Paris,POTIRON,"38 Rue des Sablons, 75116 PARIS, France","38 Rue des Sablons, 75116 PARIS, France",Paris 904776812,FR12904776812,1000€,Potiron Paris,38 rue des sablons 75116 Paris,France,bonjour@potiron.com
Sensei Maison,SAS SIRETEX,"6 Allée Jean Monnet - 	Z.A.E Des portes de la Forêt, 77090 COLLEGIEN","6 Allée Jean Monnet - 	Z.A.E Des portes de la Forêt, 77090 COLLEGIEN",MEAUX 652 056 466,FR92652056466,750 000€,Gérard Szenik,"6 Allée Jean Monnet, 77090 Collégien",,gszenik@siretex-sensei.com
Kitchen Living Dining,F&H A/S,GI. Skivevej 70 8800 VIBORG DENMARK,GI. Skivevej 70 8800 VIBORG DENMARK,VIBORG 10 325 838,DK10325838,2 688 172 €,F&H Group A/S,"Gammel Skivevej 70, 8800 Viborg Danemark",,info@fh-as.dk
Boite à Design,BCMB SARL,2 rue Marcel Doret 31130 BALMA,2 rue Marcel Doret 31130 BALMA,TOULOUSE 751 129 214,FR54751129214,10 000 €,SARL BCMB,2 Rue Marcel Doret 31130 Balma,,rsgp@boite-a-design.com
Decoration d'autrefois,FRANCE DECO,"2, rue de la Bécelle, 77970 BANNOST-VILLEGAGNON","2, rue de la Bécelle, 77970 BANNOST-VILLEGAGNON",MELUN 751 632 639,FR 39 751 632 639,30 000 €,MOREAU Stéphane,"2, rue de la Bécelle 77970 BANNOST-VILLEGAGNON",,contact@decoration-dautrefois.com
The Green Home Company,MERRON B.V,"Bargelaan 200, 2333CW Leiden, The Netherlands","Schinkeldijk 56, 2811 PB Reeuwijk, The Netherlands",Leiden 861369373,NL861369373B01,1.000 €,Edelman B.V.,"Schinkeldijk 56, 2811PB Reeuwijk, The Netherlands",Pays-Bas,onlinecs@edelman.nl
BAÏJA,SAS BAINS ET NATURE,"37 BOULEVARD SUCHET, 75016 PARIS","4 RUE DES DÉFENSEURS DE VERDUN, 94130 NOGENT-SUR-MARNE",PARIS 753 031 764,FR 30 753 031 764,30 000 €,Elisabeth Arnaud,112 avenue du général de gaulle 94170 Le Perreux-sur-Marne,France,Elisabeth.arnaud@baija.com
Collines de Provence,COLLINES DE PROVENCE,773 Chemin de Pitaugier 04300 Mane,773 Chemin de Pitaugier 04300 Mane,Manosque 450007885,FR74450007885,600 000 €,CHEVALIER Paul-Benoît,773 CHEMIN DE PITAUGIER – 04300 MANE,France,paul-benoit.chevalier@collinesdeprovence.fr
Habitat,VENTE-UNIQUE.COM,"9 rue jacquard , 93310 LE-PRE-SAINT-GERVAIS","9 rue jacquard , 93310 LE-PRE-SAINT-GERVAIS",BOBIGNY B 484 922 778,FR79484922778,97800€,VENTE-UNIQUE.COM,"9 rue jacquard , 93310 LE-PRE-SAINT-GERVAIS",France,gpsr@habitat.fr
La Belle Mèche,LA PIERLO COMPAGNIE,"4 rue Renée Sabran, 69009 LYON","4 rue Renée Sabran, 69009 LYON",Lyon 797526969,FR65797526969,6818€,LA PIERLO COMPAGNIE SARL,"4 RUE RENÉE SABRAN, 69009 LYON",,contact@labellemeche.com
Villeroy & Boch,VILLEROY ET BOCH ARTS DE LA TABLE SAS,"21 rue Royale, 750008 Paris","21 rue Royale, 750008 Paris",PARIS 334 643 350,FR 44 334 643 350,2 050 000€,Villeroy & Boch,"Saarufer Straße 1-3, 66693 Mettlach, Germany",,QM_Compliance_DL@villeroy-boch.com.
Noo.ma,NOOMA SP. Z O.O.,Woźna 9c/2 61-777 Poznań,Woźna 9c/2 61-777 Poznań,POZNAŃ 0000706965,PL7831768262,"PLN 5,000 (1200€)",NOOMA SP. Z O.O.,Woźna 9c/2 61-777 Poznań,Pologne,office@noo.ma
Q de Bouteilles,QDB Q DE BOUTEILLES,Allée de la Royale Air Force 62520 LE TOUQUET,Allée de la Royale Air Force 62520 LE TOUQUET,BOULOGNE-SUR-MER 821 433 406,FR01821433406,"30 000,00 €",Gauthier DECARNE,40 CHEMIN DES LOMBARDS 62170 HAUT DE FRANCE,,gauthier@qdebouteilles.fr
Fine Dining & Living,FINE DINING AND LIVING NV,"Herentalseweg 66, 2440 Geel, Belgium","Herentalseweg 66, 2440 Geel, Belgium",0457718254,BE0457718254,1.000.000€,Fine Dining & Living,Herentalseweg 66 2440 Geel – Belgium,Belgique,marketing@finedl.eu
ANGEL CERDA,ANGEL CERDA S.L.,"Vial la Costera, 13, 46690 ALCUDIA DE CRESPINS, ESPANA","Vial la Costera, 13, 46690 ALCUDIA DE CRESPINS, ESPANA",ESB96818547,ESB96818547,"60 101,00 €",ANGEL CERDÁ S.L.,"VIAL LA COSTERA,13 - 46691 - L'ALCUDIA DE CRESPINS - VALENCIA - ESPAÑA",,info@angelcerda.com
